<?xml version="1.0" encoding="UTF-8" standalone="yes"?>
<addon id="repository.FilmOn" name="FilmON's REPOSITORY" version="1.0" provider-name="FilmOn">
	<extension point="xbmc.addon.repository" name="FilmOn Addon Repository">
		<info compressed="false">https://github.com/XBMCFILMON/FILMON/raw/master/addons.xml</info>
		<checksum>https://github.com/XBMCFILMON/FILMON/raw/master/addons.xml.md5</checksum>
		<datadir zip="true">https://github.com/XBMCFILMON/FILMON/raw/master/repo</datadir>
	</extension>
	<extension point="xbmc.addon.metadata">
		<summary>Install FilmON Addons</summary>
		<description>Download and install addons from FilmOn</description>
		<platform>all</platform>
	</extension>
</addon>

