<?xml version="1.0" encoding="UTF-8" standalone="yes"?>
<addon id="plugin.video.FilmOn"
       name="FilmON"
       version="3.0"
       provider-name="Mikey1234">
  <requires>
    <import addon="xbmc.python" version="2.0"/>
    <import addon="script.module.t0mm0.common" version="1.1.0"/>
  </requires>
  <extension point="xbmc.python.pluginsource"
            library="default.py">
        <provides>video</provides>
  </extension>
  <extension point="xbmc.addon.metadata">
    <summary lang="en">FilmOn</summary>
    <description lang="en">Stream And Record From FilmON.....Official Support....XBMCHUB.COM</description>
    <platform>all</platform>
  </extension>
</addon>
